OBJECTID,Parzelle,Sw_X_Etrs89,Sw_Y_Etrs89,Soe_X_Etrs89,Soe_Y_Etrs89,Nw_X_Etrs89,Nw_Y_Etrs89,Noe_X_Etrs89,Noe_Y_Etrs89,Sw_Lat_Wgs84,Sw_Lon_Wgs84,Soe_Lat_Wgs84,Soe_Lon_Wgs84,Nw_Lat_Wgs84,Nw_Lon_Wgs84,Noe_Lat_Wgs84,Noe_Lon_Wgs84,Grobsand__0_bis_25__1980,Grobsand__25_bis_50__1980,Mittelsand__0_bis_25__1980,Mittelsand__25_bis_50__1980,Feinsand__0_bis_25__1980,Feinsand__25_bis_50__1980,Grobschluff__0_bis_25__1980,Grobschluff__25_bis_50__1980,Mittelschluff__0_bis_25__1980,Mittelschluff__25_bis_50_1980,Feinschluff__0_bis_25__1980,Feinschluff__25_bis_50__1980,Ton__0_bis_25__1980,Ton__25_bis_50__1980,SHAPE.STArea(),SHAPE.STLength()
1,12001,3440353.048,5818880.483,3440356.445,5818875.536,3440357.17,5818883.313,3440360.567,5818878.366,52.51677,14.12098,52.51673,14.12104,52.5168,14.12104,52.51675,14.1211,6.3,4.6,25.6,25.6,44.3,50.9,13.1,10.3,3.6,3.4,2.6,1.2,4.5,4,3.975164581499999e-9,0.000265878017807957
2,12002,3440356.445,5818875.536,3440359.841,5818870.59,3440360.567,5818878.366,3440363.963,5818873.42,52.51673,14.12104,52.51668,14.12109,52.51675,14.1211,52.51671,14.12115,5.5,4.1,24.4,25.4,43.3,43.8,16.4,14.3,4.2,4.6,0.7,3.7,5.5,4.1,3.974210507e-9,0.000265843253010502
3,12003,3440359.841,5818870.59,3440363.237,5818865.644,3440363.963,5818873.42,3440367.359,5818868.474,52.51668,14.12109,52.51664,14.12114,52.51671,14.12115,52.51666,14.1212,6.2,4.7,25.2,29.8,46,43.4,12.8,8.5,2.5,3,2.2,3.9,5.1,6.7,3.974150278e-9,0.000265841943962887
4,12004,3440363.237,5818865.644,3440366.633,5818860.697,3440367.359,5818868.474,3440370.755,5818863.527,52.51664,14.12114,52.51659,14.12119,52.51666,14.1212,52.51662,14.12125,8.3,7.5,25.5,26.8,43.1,47.8,13.6,8.9,3.5,3,1,2.4,5,3.6,3.974741836999999e-9,0.000265860218226568
5,12005,3440366.633,5818860.697,3440370.029,5818855.751,3440370.755,5818863.527,3440374.151,5818858.581,52.51659,14.12119,52.51655,14.12124,52.51662,14.12125,52.51658,14.1213,7.5,7.8,22.3,26,44.9,42.7,16.9,11.8,2.7,4.6,0.7,2.2,5,4.9,3.974150278e-9,0.000265841943962887
6,12006,3440370.029,5818855.751,3440373.425,5818850.805,3440374.151,5818858.581,3440377.547,5818853.635,52.51655,14.12124,52.51651,14.12129,52.51658,14.1213,52.51653,14.12135,5.7,6.7,26.3,24,43.8,45.9,13.7,9.9,5,6.6,0.6,1.9,4.9,5,3.974210507e-9,0.000265843253010502
7,12007,3440373.425,5818850.805,3440376.822,5818845.858,3440377.547,5818853.635,3440380.944,5818848.688,52.51651,14.12129,52.51646,14.12134,52.51653,14.12135,52.51649,14.1214,8.3,5.6,25.2,23.3,43.2,49,13.7,12.5,3.7,4.4,1.6,2.3,4.3,2.9,3.975129584999999e-9,0.000265876343035534
8,12008,3440357.17,5818883.313,3440360.567,5818878.366,3440361.292,5818886.143,3440364.689,5818881.197,52.5168,14.12104,52.51675,14.1211,52.51682,14.12111,52.51678,14.12116,5.5,5.6,23.4,25.8,46.8,53.2,13.6,7.6,4.2,3.6,0.9,0.7,5.6,3.5,3.975344102e-9,0.000265884587171019
9,12009,3440360.567,5818878.366,3440363.963,5818873.42,3440364.689,5818881.197,3440368.085,5818876.25,52.51675,14.1211,52.51671,14.12115,52.51678,14.12116,52.51673,14.12121,5.8,7.8,24,26,49,44.4,10.2,9.7,4.7,5.2,0.5,3,5.8,3.9,3.9749374435e-9,0.000265868774360958
10,12010,3440363.963,5818873.42,3440367.359,5818868.474,3440368.085,5818876.25,3440371.481,5818871.304,52.51671,14.12115,52.51666,14.1212,52.51673,14.12121,52.51669,14.12126,6.5,7.4,26.3,26.7,45.7,45.8,11.5,9.4,4.5,4.4,1.9,1.7,3.6,4.6,3.974115287e-9,0.000265840269217193
11,12011,3440367.359,5818868.474,3440370.755,5818863.527,3440371.481,5818871.304,3440374.877,5818866.358,52.51666,14.1212,52.51662,14.12125,52.51669,14.12126,52.51665,14.12131,7,5.5,25.8,26.5,46.8,48.2,8.6,10.9,5.2,3,1.2,3,5.4,2.9,3.9749930279999995e-9,0.000265869823811776
12,12012,3440370.755,5818863.527,3440374.151,5818858.581,3440374.877,5818866.358,3440378.273,5818861.411,52.51662,14.12125,52.51658,14.1213,52.51665,14.12131,52.5166,14.12136,5.7,6.4,25.1,33.5,45.8,42.6,13.1,9.1,4.9,2.3,1.5,3,3.9,3.1,3.975002129499999e-9,0.000265869986514572
13,12013,3440374.151,5818858.581,3440377.547,5818853.635,3440378.273,5818861.411,3440381.669,5818856.465,52.51658,14.1213,52.51653,14.12135,52.5166,14.12136,52.51656,14.12141,5.5,4.5,25.3,24.3,46.2,54.3,15.1,6.5,2.4,6.4,1.3,0.6,4.2,3.4,3.9741755155e-9,0.000265841578272154
14,12014,3440377.547,5818853.635,3440380.944,5818848.688,3440381.669,5818856.465,3440385.065,5818851.519,52.51653,14.12135,52.51649,14.1214,52.51656,14.12141,52.51651,14.12146,5.1,5,22,25.7,50.1,47.6,13.6,12.4,2.8,4.4,2.6,1.8,3.8,3.1,3.9748758674999995e-9,0.000265868139201219
15,12015,3440361.292,5818886.143,3440364.689,5818881.197,3440365.414,5818888.973,3440368.81,5818884.027,52.51682,14.12111,52.51678,14.12116,52.51685,14.12117,52.5168,14.12122,5,5.1,23.4,25.6,45.8,47.6,13.8,10.2,4.5,6.4,1.9,1.1,5.6,4,3.974408641e-9,0.000265850407352039
16,12016,3440364.689,5818881.197,3440368.085,5818876.25,3440368.81,5818884.027,3440372.207,5818879.08,52.51678,14.12116,52.51673,14.12121,52.5168,14.12122,52.51676,14.12127,6.4,5.1,27.2,31.2,41.7,44.8,10.3,9.8,5.6,3.2,2.5,1.9,6.3,4,3.974871225e-9,0.000265867879675471
17,12017,3440368.085,5818876.25,3440371.481,5818871.304,3440372.207,5818879.08,3440375.603,5818874.134,52.51673,14.12121,52.51669,14.12126,52.51676,14.12127,52.51672,14.12132,6.1,4.8,23.2,26.1,47.3,53.5,12.8,6.8,3.9,4.2,2.8,1.3,3.9,3.3,3.974210507e-9,0.000265843253010502
18,12018,3440371.481,5818871.304,3440374.877,5818866.358,3440375.603,5818874.134,3440378.999,5818869.188,52.51669,14.12126,52.51665,14.12131,52.51672,14.12132,52.51667,14.12137,9.7,5.4,26.1,25.9,41.5,48.5,12.7,9.1,3.2,3.5,2.7,3.1,4.1,4.5,3.974150278e-9,0.000265841943962887
19,12019,3440374.877,5818866.358,3440378.273,5818861.411,3440378.999,5818869.188,3440382.395,5818864.241,52.51665,14.12131,52.5166,14.12136,52.51667,14.12137,52.51663,14.12142,5.6,5.2,25.5,29.6,44.5,45.5,14,9.4,3.7,5.9,2.4,0.6,4.3,3.8,3.974746488499999e-9,0.000265860477942126
20,12020,3440378.273,5818861.411,3440381.669,5818856.465,3440382.395,5818864.241,3440385.791,5818859.295,52.5166,14.12136,52.51656,14.12141,52.51663,14.12142,52.51658,14.12147,6.4,5.6,25.4,28.1,45.4,47.5,11.6,9.9,4.4,3.7,2.4,3.4,4.4,1.8,3.9741755155e-9,0.000265841578272154
21,12021,3440381.669,5818856.465,3440385.065,5818851.519,3440385.791,5818859.295,3440389.187,5818854.349,52.51656,14.12141,52.51651,14.12146,52.51658,14.12147,52.51654,14.12152,5.6,4.3,24.1,28.3,44.9,46.6,15.1,11.2,5,4.7,0.8,2,4.5,2.9,3.974124386e-9,0.000265840431879118
22,12022,3440365.414,5818888.973,3440368.81,5818884.027,3440369.536,5818891.803,3440372.932,5818886.857,52.51685,14.12117,52.5168,14.12122,52.51687,14.12123,52.51683,14.12128,5.2,4.2,24.7,25,45.5,44,12.9,16.2,5.4,3.5,1.8,3.2,4.5,3.9,3.974210507e-9,0.000265843253010502
23,12023,3440368.81,5818884.027,3440372.207,5818879.08,3440372.932,5818886.857,3440376.329,5818881.91,52.5168,14.12122,52.51676,14.12127,52.51683,14.12128,52.51679,14.12133,5.9,4.2,22.6,7.1,47.4,61.6,10.4,15.6,5.3,6.4,3.1,1,5.3,4.1,3.975173684999999e-9,0.000265878180427324
24,12024,3440372.207,5818879.08,3440375.603,5818874.134,3440376.329,5818881.91,3440379.725,5818876.964,52.51676,14.12127,52.51672,14.12132,52.51679,14.12133,52.51674,14.12138,6.2,5.3,23.4,25.7,47.4,54.6,12.4,5.7,3.6,4.4,3.5,0.9,3.5,3.4,3.974210507e-9,0.000265843253010502
25,12025,3440375.603,5818874.134,3440378.999,5818869.188,3440379.725,5818876.964,3440383.121,5818872.018,52.51672,14.12132,52.51667,14.12137,52.51674,14.12138,52.5167,14.12143,5.8,6,25.2,26.5,46.5,50.4,11.7,8.4,5,2.9,1.9,2.4,3.9,3.4,3.974115287e-9,0.000265840269217193
26,12026,3440378.999,5818869.188,3440382.395,5818864.241,3440383.121,5818872.018,3440386.517,5818867.071,52.51667,14.12137,52.51663,14.12142,52.5167,14.12143,52.51665,14.12148,6.4,4,24.8,20.7,44.9,50.3,13,11.5,4.7,3.4,1.2,1.2,5,8.9,3.9747814825e-9,0.000265862152661112
27,12027,3440382.395,5818864.241,3440385.791,5818859.295,3440386.517,5818867.071,3440389.913,5818862.125,52.51663,14.12142,52.51658,14.12147,52.51665,14.12148,52.51661,14.12153,6.3,4.4,25.1,29.2,46.3,47.9,12.9,9.3,3.7,4.2,2.2,1.7,3.5,3.3,3.9741549279999995e-9,0.000265842203548673
28,12028,3440385.791,5818859.295,3440389.187,5818854.349,3440389.913,5818862.125,3440393.309,5818857.179,52.51658,14.12147,52.51654,14.12152,52.51661,14.12153,52.51657,14.12158,6.2,6.5,24.4,30.4,48.6,44.4,9,9.2,7.1,4.3,0.9,1.2,3.8,4,3.974150278e-9,0.000265841943962887
29,12029,3440369.536,5818891.803,3440372.932,5818886.857,3440373.658,5818894.633,3440377.054,5818889.687,52.51687,14.12123,52.51683,14.12128,52.5169,14.12129,52.51686,14.12134,6.4,5.3,23.9,26,44.6,44.4,14.4,12.2,3.2,5.5,3,2.5,4.5,4.1,3.974150278e-9,0.000265841943962887
30,12030,3440372.932,5818886.857,3440376.329,5818881.91,3440377.054,5818889.687,3440380.45,5818884.741,52.51683,14.12128,52.51679,14.12133,52.51686,14.12134,52.51681,14.12139,5,4.9,22.2,28,43.4,45.8,16.9,9.4,4.2,5.4,3.8,2.7,4.5,3.8,3.9749062199999996e-9,0.000265869554450853
31,12031,3440376.329,5818881.91,3440379.725,5818876.964,3440380.45,5818884.741,3440383.847,5818879.794,52.51679,14.12133,52.51674,14.12138,52.51681,14.12139,52.51677,14.12144,6.5,4.3,25.4,28.2,43.2,47.4,14.1,9.3,3.7,3.2,1.6,3.8,5.5,3.8,3.974919965e-9,0.000265869976598543
32,12032,3440379.725,5818876.964,3440383.121,5818872.018,3440383.847,5818879.794,3440387.243,5818874.848,52.51674,14.12138,52.5167,14.12143,52.51677,14.12144,52.51672,14.12149,5.5,5.6,22.7,27.8,46.4,48.5,17.4,10.4,2.4,1.9,2,1.1,3.6,4.7,3.974150278e-9,0.000265841943962887
33,12033,3440383.121,5818872.018,3440386.517,5818867.071,3440387.243,5818874.848,3440390.639,5818869.902,52.5167,14.12143,52.51665,14.12148,52.51672,14.12149,52.51668,14.12154,7.9,5.1,28.5,29.7,41.1,44.2,11.3,10.9,4.8,3.6,2.6,2.8,3.8,3.7,3.975037124e-9,0.000265871661251147
34,12034,3440386.517,5818867.071,3440389.913,5818862.125,3440390.639,5818869.902,3440394.035,5818864.955,52.51665,14.12148,52.51661,14.12153,52.51668,14.12154,52.51664,14.12159,6.1,6.4,24.2,31,49,41.8,9.7,9.4,4.9,4.2,1.2,2.7,4.9,4.5,3.975037124e-9,0.000265871661251147
35,12035,3440389.913,5818862.125,3440393.309,5818857.179,3440394.035,5818864.955,3440397.431,5818860.009,52.51661,14.12153,52.51657,14.12158,52.51664,14.12159,52.51659,14.12164,6.9,6.9,27.6,30.1,42,46.2,13.2,7.9,3.9,3.6,2.3,2.1,4.1,3.2,3.974124386e-9,0.000265840431879118
36,12036,3440373.658,5818894.633,3440377.054,5818889.687,3440377.78,5818897.463,3440381.176,5818892.517,52.5169,14.12129,52.51686,14.12134,52.51693,14.12135,52.51688,14.1214,6.2,4.4,21.3,25.4,47.1,48.4,13.7,10.6,5.1,5.5,2.3,1.6,4.3,4.1,3.974150278e-9,0.000265841943962887
37,12037,3440377.054,5818889.687,3440380.45,5818884.741,3440381.176,5818892.517,3440384.572,5818887.571,52.51686,14.12134,52.51681,14.12139,52.51688,14.1214,52.51684,14.12145,5.6,3.6,25.4,22.5,42.7,50.5,12.9,10.4,6.1,6.3,2,1.9,5.3,4.8,3.9741549279999995e-9,0.000265842203548673
38,12038,3440380.45,5818884.741,3440383.847,5818879.794,3440384.572,5818887.571,3440387.969,5818882.624,52.51681,14.12139,52.51677,14.12144,52.51684,14.12145,52.51679,14.1215,5.8,4.5,23,21.6,46.9,51,11,13,6.3,3.6,2.1,0.9,4.9,5.4,3.9751342259999995e-9,0.000265876602564702
39,12039,3440383.847,5818879.794,3440387.243,5818874.848,3440387.969,5818882.624,3440391.365,5818877.678,52.51677,14.12144,52.51672,14.12149,52.51679,14.1215,52.51675,14.12155,6.1,5.5,21,26.7,49.2,46.3,10.1,12.5,6,3,2.1,1.1,5.5,4.9,3.974159377e-9,0.00026584210662719
40,12040,3440387.243,5818874.848,3440390.639,5818869.902,3440391.365,5818877.678,3440394.761,5818872.732,52.51672,14.12149,52.51668,14.12154,52.51675,14.12155,52.51671,14.1216,4.2,7.9,24.3,19.7,48.9,45.4,12.9,19.3,3.7,2.8,2.5,1.3,3.5,3.6,3.974210507e-9,0.000265843253010502
41,12041,3440390.639,5818869.902,3440394.035,5818864.955,3440394.761,5818872.732,3440398.157,5818867.785,52.51668,14.12154,52.51664,14.12159,52.51671,14.1216,52.51666,14.12165,5.4,5.5,25.2,29.5,46.8,44.5,12,10.7,5.8,5,1.2,1,3.6,3.8,3.974790587999999e-9,0.00026586231541227
42,12042,3440394.035,5818864.955,3440397.431,5818860.009,3440398.157,5818867.785,3440401.553,5818862.839,52.51664,14.12159,52.51659,14.12164,52.51666,14.12165,52.51662,14.1217,7.4,6.6,25.7,31,45.1,47,11.9,8.5,2.8,2.6,3.3,1.1,3.8,3.2,3.974150278e-9,0.000265841943962887
43,12043,3440377.78,5818897.463,3440381.176,5818892.517,3440381.902,5818900.293,3440385.298,5818895.347,52.51693,14.12135,52.51688,14.1214,52.51695,14.12141,52.51691,14.12146,6.6,5.6,23.9,24.8,43.7,47.3,11.7,11.9,6.3,4.3,2.4,1.5,5.4,4.6,3.974159377e-9,0.00026584210662719
44,12044,3440381.176,5818892.517,3440384.572,5818887.571,3440385.298,5818895.347,3440388.694,5818890.401,52.51688,14.1214,52.51684,14.12145,52.51691,14.12146,52.51686,14.12151,4.4,4.8,22.6,26.7,45.6,44.6,15.4,12,4.3,4.9,1.3,2.1,6.4,4.9,3.974210507e-9,0.000265843253010502
45,12045,3440384.572,5818887.571,3440387.969,5818882.624,3440388.694,5818890.401,3440392.091,5818885.455,52.51684,14.12145,52.51679,14.1215,52.51686,14.12151,52.51682,14.12156,6.3,5.9,23,22.9,43.7,48.3,14.1,10,3.9,6.7,3.8,2.1,5.2,4.1,3.975388318e-9,0.000265884160674188
46,12046,3440387.969,5818882.624,3440391.365,5818877.678,3440392.091,5818885.455,3440395.487,5818880.508,52.51679,14.1215,52.51675,14.12155,52.51682,14.12156,52.51678,14.12161,6.1,5.3,22.8,25.8,44.8,47.8,13.5,10.1,6.8,4.5,0.9,1.8,5.1,4.7,3.975037124e-9,0.000265871661251147
47,12047,3440391.365,5818877.678,3440394.761,5818872.732,3440395.487,5818880.508,3440398.883,5818875.562,52.51675,14.12155,52.51671,14.1216,52.51678,14.12161,52.51673,14.12166,6.6,6,25.6,28.2,41.8,46.1,14,9.5,3.4,2.9,2.1,3,6.5,4.3,3.974184615e-9,0.000265841740941424
48,12048,3440394.761,5818872.732,3440398.157,5818867.785,3440398.883,5818875.562,3440402.279,5818870.616,52.51671,14.1216,52.51666,14.12165,52.51673,14.12166,52.51669,14.12171,6.5,5.1,24.8,20.1,47.3,57.5,9,10.7,5.5,2,1.1,0.7,5.8,3.9,3.975037124e-9,0.000265871661251147
49,12049,3440398.157,5818867.785,3440401.553,5818862.839,3440402.279,5818870.616,3440405.675,5818865.669,52.51666,14.12165,52.51662,14.1217,52.51669,14.12171,52.51664,14.12176,8,4.6,27.3,27.2,42.8,52.1,13,7.4,3.1,4.7,2.4,1,3.4,3,3.974951198e-9,0.000265869196706858
50,12050,3440381.902,5818900.293,3440385.298,5818895.347,3440386.024,5818903.124,3440389.42,5818898.177,52.51695,14.12141,52.51691,14.12146,52.51698,14.12147,52.51693,14.12152,6.2,4.7,23.2,15.6,47.6,56.9,8,11.4,6.4,4.8,2.6,2.5,6,4.1,3.974981539e-9,0.000265870611805862
51,12051,3440385.298,5818895.347,3440388.694,5818890.401,3440389.42,5818898.177,3440392.816,5818893.231,52.51691,14.12146,52.51686,14.12151,52.51693,14.12152,52.51689,14.12157,4.9,3.9,22.8,22.7,43.2,47.2,14,12,5,7.3,4,2.1,6.1,4.8,3.974210507e-9,0.000265843253010502
52,12052,3440388.694,5818890.401,3440392.091,5818885.455,3440392.816,5818893.231,3440396.212,5818888.285,52.51686,14.12151,52.51682,14.12156,52.51689,14.12157,52.51685,14.12162,6,4.3,20.8,23.8,45,45.1,14,12,5.6,6.5,3.7,3.4,4.9,4.9,3.974408641e-9,0.000265850407352039
53,12053,3440392.091,5818885.455,3440395.487,5818880.508,3440396.212,5818888.285,3440399.609,5818883.338,52.51682,14.12156,52.51678,14.12161,52.51685,14.12162,52.5168,14.12167,6.6,5.6,24.3,21.5,45.1,50.1,10.3,13.1,5.8,4.1,2.6,0.3,5.3,5.3,3.974919965e-9,0.000265869976598543
54,12054,3440395.487,5818880.508,3440398.883,5818875.562,3440399.609,5818883.338,3440403.005,5818878.392,52.51678,14.12161,52.51673,14.12166,52.5168,14.12167,52.51676,14.12172,6.8,5.5,23.9,26.8,44.9,47.1,13.4,10.2,3.2,4.8,3.6,0.8,4.2,4.8,3.974210507e-9,0.000265843253010502
55,12055,3440398.883,5818875.562,3440402.279,5818870.616,3440403.005,5818878.392,3440406.401,5818873.446,52.51673,14.12166,52.51669,14.12171,52.51676,14.12172,52.51671,14.12177,8.5,6.6,27,32.4,43,46.4,12.8,7.1,2.7,2.4,3.1,1.8,2.9,3.3,3.9741549279999995e-9,0.000265842203548673
56,12056,3440402.279,5818870.616,3440405.675,5818865.669,3440406.401,5818873.446,3440409.797,5818868.499,52.51669,14.12171,52.51664,14.12176,52.51671,14.12177,52.51667,14.12182,7.5,5.7,28.3,28.5,41.2,45.7,15.3,9,2,3.4,2.1,3,3.6,4.7,3.974735006e-9,0.000265861265947721
57,12057,3440386.024,5818903.124,3440389.42,5818898.177,3440390.146,5818905.954,3440393.542,5818901.007,52.51698,14.12147,52.51693,14.12152,52.517,14.12153,52.51696,14.12158,4.8,5.4,22.2,30.3,45.4,42.3,13.7,9.6,4.3,4.1,4.1,4,5.5,4.3,3.9747814825e-9,0.000265862152662924
58,12058,3440389.42,5818898.177,3440392.816,5818893.231,3440393.542,5818901.007,3440396.938,5818896.061,52.51693,14.12152,52.51689,14.12157,52.51696,14.12158,52.51692,14.12163,4.8,4.8,22.2,27.4,42.4,42.5,14.9,11,5.3,5.6,4.8,3.6,5.6,5.1,3.9742196064999996e-9,0.000265843415682151
59,12059,3440392.816,5818893.231,3440396.212,5818888.285,3440396.938,5818896.061,3440400.334,5818891.115,52.51689,14.12157,52.51685,14.12162,52.51692,14.12163,52.51687,14.12168,5.3,4.7,23,25.8,42.7,44,13,11,6.2,6.3,4.5,3.4,5.3,4.8,3.9741640275e-9,0.00026584236621851
60,12060,3440396.212,5818888.285,3440399.609,5818883.338,3440400.334,5818891.115,3440403.731,5818886.168,52.51685,14.12162,52.5168,14.12167,52.51687,14.12168,52.51683,14.12173,6.7,4.4,23.1,25.4,43.1,47.5,14.1,9.6,4.5,5.8,3.7,2.5,4.8,4.8,3.975173684999999e-9,0.000265878180427324
61,12061,3440399.609,5818883.338,3440403.005,5818878.392,3440403.731,5818886.168,3440407.127,5818881.222,52.5168,14.12167,52.51676,14.12172,52.51683,14.12173,52.51678,14.12178,6.7,5.9,25.3,33,43.3,40.4,12.7,10.9,6.5,4.6,1.3,1.2,4.2,4,3.9741640275e-9,0.000265842366220322
62,12062,3440403.005,5818878.392,3440406.401,5818873.446,3440407.127,5818881.222,3440410.523,5818876.276,52.51676,14.12172,52.51671,14.12177,52.51678,14.12178,52.51674,14.12183,5.7,4.5,26.6,24.7,44.3,46.9,13.4,11.2,4.6,4,1.5,2.7,3.9,6,3.9742196064999996e-9,0.000265843415682151
63,12063,3440406.401,5818873.446,3440409.797,5818868.499,3440410.523,5818876.276,3440413.919,5818871.33,52.51671,14.12177,52.51667,14.12182,52.51674,14.12183,52.51669,14.12188,8.4,4.9,26.2,30.1,43.5,45.3,11.8,8.8,3.3,3.5,2.3,3.2,4.5,4.2,3.975037124e-9,0.000265871661251147
64,12064,3440390.146,5818905.954,3440393.542,5818901.007,3440394.268,5818908.784,3440397.664,5818903.838,52.517,14.12153,52.51696,14.12158,52.51703,14.12159,52.51699,14.12164,5.5,5.9,20.7,27.8,42.9,42.6,14.6,11.9,6.5,3.8,3,3.8,6.8,4.2,3.9749906405e-9,0.000265870774511037
65,12065,3440393.542,5818901.007,3440396.938,5818896.061,3440397.664,5818903.838,3440401.06,5818898.891,52.51696,14.12158,52.51692,14.12163,52.51699,14.12164,52.51694,14.12169,4.7,4.9,21.6,20.6,46.6,43.2,12.6,14.6,5.7,6.3,2.2,3.4,6.6,7,3.975037124e-9,0.000265871661251147
66,12066,3440396.938,5818896.061,3440400.334,5818891.115,3440401.06,5818898.891,3440404.456,5818893.945,52.51692,14.12163,52.51687,14.12168,52.51694,14.12169,52.5169,14.12174,6.7,3.3,22.9,20.8,43,46.9,14.8,13.5,4.7,4.5,2.1,3.9,5.8,7.1,3.9741640275e-9,0.00026584236621851
67,12067,3440400.334,5818891.115,3440403.731,5818886.168,3440404.456,5818893.945,3440407.852,5818888.999,52.51687,14.12168,52.51683,14.12173,52.5169,14.12174,52.51685,14.12179,5.7,6.2,21.7,22.7,44.2,41.7,13.9,10.5,5.1,9.2,3.6,3.4,5.8,6.3,3.974919965e-9,0.000265869976598543
68,12068,3440403.731,5818886.168,3440407.127,5818881.222,3440407.852,5818888.999,3440411.249,5818884.052,52.51683,14.12173,52.51678,14.12178,52.51685,14.12179,52.51681,14.12184,7.8,6.2,24.6,31.7,42.2,43.1,15.7,7.2,2.3,5.2,1.6,3.2,5.8,3.4,3.974919965e-9,0.000265869976598543
69,12069,3440407.127,5818881.222,3440410.523,5818876.276,3440411.249,5818884.052,3440414.645,5818879.106,52.51678,14.12178,52.51674,14.12183,52.51681,14.12184,52.51676,14.12189,7.2,6.1,23.8,26,44.6,40.6,13.5,12.5,2.7,5.1,4.3,3.8,3.9,5.9,3.974184615e-9,0.000265841740941424
70,12070,3440410.523,5818876.276,3440413.919,5818871.33,3440414.645,5818879.106,3440418.041,5818874.16,52.51674,14.12183,52.51669,14.12188,52.51676,14.12189,52.51672,14.12194,7,4.7,25,29.1,44.1,45.3,12.5,11.2,4.3,4.3,1,1.7,6.1,3.7,3.974184615e-9,0.000265841740941424
71,12071,3440394.268,5818908.784,3440397.664,5818903.838,3440398.39,5818911.614,3440401.786,5818906.668,52.51703,14.12159,52.51699,14.12164,52.51705,14.12165,52.51701,14.1217,5,5.2,23.3,21.4,42,45.6,14.3,14,5.3,4.9,3.2,4.4,6.9,4.5,3.9741549279999995e-9,0.000265842203548673
72,12072,3440397.664,5818903.838,3440401.06,5818898.891,3440401.786,5818906.668,3440405.182,5818901.721,52.51699,14.12164,52.51694,14.12169,52.51701,14.1217,52.51697,14.12175,6.1,6.1,23.5,22.8,39.8,39.3,16.6,13.2,6.1,7.9,2.5,4.5,5.4,6.2,3.974821127999999e-9,0.000265864087095656
73,12073,3440401.06,5818898.891,3440404.456,5818893.945,3440405.182,5818901.721,3440408.578,5818896.775,52.51694,14.12169,52.5169,14.12174,52.51697,14.12175,52.51692,14.1218,4.7,3.7,20.4,18.8,43.3,50.1,15.5,9.2,6,7.5,4.1,4,6,6.7,3.9741640275e-9,0.00026584236621851
74,12074,3440404.456,5818893.945,3440407.852,5818888.999,3440408.578,5818896.775,3440411.974,5818891.829,52.5169,14.12174,52.51685,14.12179,52.51692,14.1218,52.51688,14.12185,4.8,4.1,22,25,42.5,44.9,14.6,11.7,5.9,4.1,3.9,3.9,6.3,6.3,3.9741640275e-9,0.00026584236621851
75,12075,3440407.852,5818888.999,3440411.249,5818884.052,3440411.974,5818891.829,3440415.371,5818886.882,52.51685,14.12179,52.51681,14.12184,52.51688,14.12185,52.51683,14.1219,6.3,6.5,23.1,25.6,45.2,44.2,13.7,15,5.4,5.7,0.8,1.1,5.5,1.9,3.9751386884999995e-9,0.000265876505661259
76,12076,3440411.249,5818884.052,3440414.645,5818879.106,3440415.371,5818886.882,3440418.767,5818881.936,52.51681,14.12184,52.51676,14.12189,52.51683,14.1219,52.51679,14.12195,6.5,5.1,19.9,30.9,46,41.6,15.3,9.6,5.1,3.5,1.7,3.5,5.5,5.8,3.9741290365e-9,0.000265840691472249
77,12077,3440414.645,5818879.106,3440418.041,5818874.16,3440418.767,5818881.936,3440422.163,5818876.99,52.51676,14.12189,52.51672,14.12194,52.51679,14.12195,52.51675,14.122,5.6,5.8,24.1,28,47.1,48.5,12.6,7.9,3.3,4.4,3.4,1.4,3.9,4,3.9742196064999996e-9,0.000265843415682151
78,12078,3440398.39,5818911.614,3440401.786,5818906.668,3440402.512,5818914.444,3440405.908,5818909.498,52.51705,14.12165,52.51701,14.1217,52.51708,14.12171,52.51704,14.12176,5.3,5.1,20.4,25.4,44.5,44.3,16,11,5.3,7.8,2.7,1.2,5.8,5.2,3.9741640275e-9,0.00026584236621851
79,12079,3440401.786,5818906.668,3440405.182,5818901.721,3440405.908,5818909.498,3440409.304,5818904.552,52.51701,14.1217,52.51697,14.12175,52.51704,14.12176,52.51699,14.12181,4.7,3.9,19.8,21.9,49,42.3,10.2,11.9,7.3,7.9,2.8,6.3,6.2,5.8,3.975037124e-9,0.000265871661251147
80,12080,3440405.182,5818901.721,3440408.578,5818896.775,3440409.304,5818904.552,3440412.7,5818899.605,52.51697,14.12175,52.51692,14.1218,52.51699,14.12181,52.51695,14.12186,5.8,5.1,21.9,21.3,45.4,38.7,12.5,15.2,5.7,7.3,2.2,4.7,6.5,7.7,3.975037124e-9,0.000265871661251147
81,12081,3440408.578,5818896.775,3440411.974,5818891.829,3440412.7,5818899.605,3440416.096,5818894.659,52.51692,14.1218,52.51688,14.12185,52.51695,14.12186,52.5169,14.12191,6.3,5,22.5,20.1,40.6,42.3,16.1,13.7,4.6,8.7,4,2.9,5.9,7.3,3.9741640275e-9,0.00026584236621851
82,12082,3440411.974,5818891.829,3440415.371,5818886.882,3440416.096,5818894.659,3440419.493,5818889.713,52.51688,14.12185,52.51683,14.1219,52.5169,14.12191,52.51686,14.12196,5.2,4.2,24.1,22.5,43.1,50.6,14.5,11.5,4.5,4.2,2.2,2.6,6.4,4.4,3.9753624215e-9,0.000265882648535272
83,12083,3440415.371,5818886.882,3440418.767,5818881.936,3440419.493,5818889.713,3440422.889,5818884.766,52.51683,14.1219,52.51679,14.12195,52.51686,14.12196,52.51682,14.12201,5.1,5.4,25.6,24.7,41.8,45.6,16.7,12.5,3.4,4.8,3,2.3,4.4,4.7,3.974995293999999e-9,0.000265871034159674
84,12084,3440418.767,5818881.936,3440422.163,5818876.99,3440422.889,5818884.766,3440426.285,5818879.82,52.51679,14.12195,52.51675,14.122,52.51682,14.12201,52.51677,14.12206,6.6,5.3,25.2,28.9,41.8,46.5,14.9,8.5,4.7,6.3,2.3,1,4.5,3.5,3.974173126999999e-9,0.00026584252889016
85,12085,3440402.512,5818914.444,3440405.908,5818909.498,3440406.634,5818917.274,3440410.03,5818912.328,52.51708,14.12171,52.51704,14.12176,52.51711,14.12177,52.51706,14.12182,5.7,5.9,23.6,21.6,45.9,42.4,13.2,14.9,5.3,7.7,1.7,2.3,4.6,5.2,3.974194368e-9,0.000265843781375263
86,12086,3440405.908,5818909.498,3440409.304,5818904.552,3440410.03,5818912.328,3440413.426,5818907.382,52.51704,14.12176,52.51699,14.12181,52.51706,14.12182,52.51702,14.12187,5.6,5,23.4,18.3,40.2,43,15.7,15.9,5,7.5,4.4,4.1,5.7,6.2,3.9741990185e-9,0.000265844040966583
87,12087,3440409.304,5818904.552,3440412.7,5818899.605,3440413.426,5818907.382,3440416.822,5818902.435,52.51699,14.12181,52.51695,14.12186,52.51702,14.12187,52.51697,14.12192,4.4,4.2,17.9,22.2,47.4,46.1,13.2,10.2,6.4,6.6,3.6,5,7.1,5.7,3.9747952399999994e-9,0.000265862575133362
88,12088,3440412.7,5818899.605,3440416.096,5818894.659,3440416.822,5818902.435,3440420.218,5818897.489,52.51695,14.12186,52.5169,14.12191,52.51697,14.12192,52.51693,14.12197,6,5.7,20,20.6,42.4,41.6,17,13.5,6,7.4,1.9,5.1,6.7,6.1,3.9742196064999996e-9,0.000265843415682151
89,12089,3440416.096,5818894.659,3440419.493,5818889.713,3440420.218,5818897.489,3440423.614,5818892.543,52.5169,14.12191,52.51686,14.12196,52.51693,14.12197,52.51689,14.12202,7.2,5.6,24,22.7,44.1,42.5,12,12.3,4.4,7.6,4.1,3,4.2,6.3,3.9744223905e-9,0.000265850829614039
90,12090,3440419.493,5818889.713,3440422.889,5818884.766,3440423.614,5818892.543,3440427.011,5818887.596,52.51686,14.12196,52.51682,14.12201,52.51689,14.12202,52.51684,14.12207,5.3,8.1,23.3,24.6,46.8,43.1,13.2,11.6,5.4,5.7,0.7,2.1,5.3,4.8,3.974898716e-9,0.000265868723998254
91,12091,3440422.889,5818884.766,3440426.285,5818879.82,3440427.011,5818887.596,3440430.407,5818882.65,52.51682,14.12201,52.51677,14.12206,52.51684,14.12207,52.5168,14.12212,6.2,4.6,23,26.6,44.5,49.5,15,11.3,4.5,2.8,1.4,1.2,5.4,4,3.974177777999999e-9,0.000265842788488825
92,12092,3440406.634,5818917.274,3440410.03,5818912.328,3440410.756,5818920.104,3440414.152,5818915.158,52.51711,14.12177,52.51706,14.12182,52.51713,14.12183,52.51709,14.12188,4.8,4.9,20.7,27.4,45.6,42.8,13.4,12.9,6.1,4.6,1.8,2.7,7.6,4.7,3.9741990185e-9,0.000265844040966583
93,12093,3440410.03,5818912.328,3440413.426,5818907.382,3440414.152,5818915.158,3440417.548,5818910.212,52.51706,14.12182,52.51702,14.12187,52.51709,14.12188,52.51704,14.12193,5,3.2,21.7,21,42,44.8,12.3,15.6,8.7,7.8,6.2,3.1,4.1,4.5,3.9741640275e-9,0.000265842366220322
94,12094,3440413.426,5818907.382,3440416.822,5818902.435,3440417.548,5818910.212,3440420.944,5818905.265,52.51702,14.12187,52.51697,14.12192,52.51704,14.12193,52.517,14.12198,4.8,3.9,21.5,22.8,42,46.6,16.5,8.2,5.7,7.8,3.2,5.2,6.3,5.5,3.9747952399999994e-9,0.000265862575133362
95,12095,3440416.822,5818902.435,3440420.218,5818897.489,3440420.944,5818905.265,3440424.34,5818900.319,52.51697,14.12192,52.51693,14.12197,52.517,14.12198,52.51696,14.12203,4.3,4.6,22,22.9,43.2,48.1,15.6,10.7,4.4,6.7,5.5,2.4,5,4.6,3.974228706e-9,0.0002658435783538
96,12096,3440420.218,5818897.489,3440423.614,5818892.543,3440424.34,5818900.319,3440427.736,5818895.373,52.51693,14.12197,52.51689,14.12202,52.51696,14.12203,52.51691,14.12208,5.1,4.1,21.1,23.8,47,47.7,12.5,10.6,5.9,6.9,2.5,3.5,5.9,3.4,3.9742196064999996e-9,0.000265843415682151
97,12097,3440423.614,5818892.543,3440427.011,5818887.596,3440427.736,5818895.373,3440431.133,5818890.426,52.51689,14.12202,52.51684,14.12207,52.51691,14.12208,52.51687,14.12213,6.3,4.8,22.3,29.6,45.4,43.5,13.1,8.9,5.3,3.5,2.8,4.2,4.8,5.5,3.975152434e-9,0.00026587692782903
98,12098,3440427.011,5818887.596,3440430.407,5818882.65,3440431.133,5818890.426,3440434.529,5818885.48,52.51684,14.12207,52.5168,14.12212,52.51687,14.12213,52.51682,14.12218,6.8,4.3,25.4,25.2,41.6,51.1,15.5,8.6,4.5,3.9,0.6,2.6,5.6,4.3,3.974173126999999e-9,0.00026584252889016
99,12099,3440410.756,5818920.104,3440414.152,5818915.158,3440414.878,5818922.935,3440418.274,5818917.988,52.51713,14.12183,52.51709,14.12188,52.51716,14.12189,52.51711,14.12194,5.5,4.9,20.1,22.3,43.7,43,13.8,14.4,7.8,5.4,2.9,6.4,6.2,3.6,3.974995293999999e-9,0.000265871034159674
100,12100,3440414.152,5818915.158,3440417.548,5818910.212,3440418.274,5818917.988,3440421.67,5818913.042,52.51709,14.12188,52.51704,14.12193,52.51711,14.12194,52.51707,14.12199,7.1,6.5,29.4,22.8,44,39.8,6.4,13.7,5.2,7.9,2,4,5.9,5.3,3.974173126999999e-9,0.00026584252889016
101,12101,3440417.548,5818910.212,3440420.944,5818905.265,3440421.67,5818913.042,3440425.066,5818908.096,52.51704,14.12193,52.517,14.12198,52.51707,14.12199,52.51703,14.12204,5.5,5.2,23.5,20.2,43.1,41.3,12.9,14.3,5.5,7.4,4,4.9,5.5,6.7,3.975030288e-9,0.00026587270890416
102,12102,3440420.944,5818905.265,3440424.34,5818900.319,3440425.066,5818908.096,3440428.462,5818903.149,52.517,14.12198,52.51696,14.12203,52.51703,14.12204,52.51698,14.12209,5.6,4.6,21.3,21.9,43.3,49.4,14.4,9.7,5.5,5.8,3.9,4.4,6,4.2,3.974995293999999e-9,0.000265871034159674
103,12103,3440424.34,5818900.319,3440427.736,5818895.373,3440428.462,5818903.149,3440431.858,5818898.203,52.51696,14.12203,52.51691,14.12208,52.51698,14.12209,52.51694,14.12214,7.5,4.6,24.4,20.8,41.5,45.1,11.8,11.6,5.1,8.6,3.4,2.9,6.3,6.4,3.974173126999999e-9,0.00026584252889016
104,12104,3440427.736,5818895.373,3440431.133,5818890.426,3440431.858,5818898.203,3440435.254,5818893.257,52.51691,14.12208,52.51687,14.12213,52.51694,14.12214,52.51689,14.12219,6.4,3.5,23,20.3,43.9,50.3,14.9,13.1,4.7,3.7,2,4.6,5.1,4.5,3.974898716e-9,0.000265868723998254
105,12105,3440431.133,5818890.426,3440434.529,5818885.48,3440435.254,5818893.257,3440438.651,5818888.31,52.51687,14.12213,52.51682,14.12218,52.51689,14.12219,52.51685,14.12224,5.1,4.2,21,25.3,47.2,44.2,17,9.4,2,5.6,1.7,5.4,6,5.9,3.9749846525e-9,0.000265871188675176
106,12106,3440414.878,5818922.935,3440418.274,5818917.988,3440418.999,5818925.765,3440422.396,5818920.818,52.51716,14.12189,52.51711,14.12194,52.51718,14.12195,52.51714,14.122,6.4,4.2,20.4,22.1,45.8,45.6,17.5,12.3,2.3,7.7,3.8,4.1,3.8,4,3.974919965e-9,0.000265869976598543
107,12107,3440418.274,5818917.988,3440421.67,5818913.042,3440422.396,5818920.818,3440425.792,5818915.872,52.51711,14.12194,52.51707,14.12199,52.51714,14.122,52.5171,14.12205,5.9,3.3,22.5,23.8,40.5,41.1,15.5,11.2,5.8,6.8,4.2,5.5,5.6,8.3,3.9741990185e-9,0.000265844040966583
108,12108,3440421.67,5818913.042,3440425.066,5818908.096,3440425.792,5818915.872,3440429.188,5818910.926,52.51707,14.12199,52.51703,14.12204,52.5171,14.12205,52.51705,14.1221,6.6,4,19.9,17.4,43.6,52,11.2,12.5,8.5,4.7,3.6,2.8,6.6,6.6,3.9741640275e-9,0.000265842366220322
109,12109,3440425.066,5818908.096,3440428.462,5818903.149,3440429.188,5818910.926,3440432.584,5818905.979,52.51703,14.12204,52.51698,14.12209,52.51705,14.1221,52.51701,14.12215,6.7,3.4,21.3,19.1,42.4,52.2,15.4,11.6,4.7,4.5,4.8,2.6,4.7,6.6,3.974735006e-9,0.000265861265947721
110,12110,3440428.462,5818903.149,3440431.858,5818898.203,3440432.584,5818905.979,3440435.98,5818901.033,52.51698,14.12209,52.51694,14.12214,52.51701,14.12215,52.51696,14.1222,5.6,4,22.6,25.4,43.8,45.5,13.8,10,5.3,4.2,3.5,4.8,5.4,6.1,3.974177777999999e-9,0.000265842788488825
111,12111,3440431.858,5818898.203,3440435.254,5818893.257,3440435.98,5818901.033,3440439.376,5818896.087,52.51694,14.12214,52.51689,14.12219,52.51696,14.1222,52.51692,14.12225,5,3.6,22.9,23.1,45,44.8,15.5,12.2,3.1,4.8,3.6,6.9,4.9,4.6,3.974177777999999e-9,0.000265842788488825
112,12112,3440435.254,5818893.257,3440438.651,5818888.31,3440439.376,5818896.087,3440442.773,5818891.14,52.51689,14.12219,52.51685,14.12224,52.51692,14.12225,52.51688,14.1223,7.8,5.5,25.4,22.8,42.3,47.2,12.7,7.4,4.4,6.7,3.5,3.8,3.9,6.6,3.975157075999999e-9,0.000265877187371076
113,12113,3440418.999,5818925.765,3440422.396,5818920.818,3440423.121,5818928.595,3440426.518,5818923.649,52.51718,14.12195,52.51714,14.122,52.51721,14.12201,52.51717,14.12206,4.6,4.6,22.5,24.9,46.2,42.7,10.6,13.1,8.3,5.9,2.1,3.9,5.7,4.9,3.975437062e-9,0.000265886257579078
114,12114,3440422.396,5818920.818,3440425.792,5818915.872,3440426.518,5818923.649,3440429.914,5818918.702,52.51714,14.122,52.5171,14.12205,52.51717,14.12206,52.51712,14.12211,4.7,3.5,21.4,23.2,44.9,42.5,16.2,10.8,4.7,9.2,3.7,5.2,4.4,5.6,3.9750462254999995e-9,0.000265871823956321
115,12115,3440425.792,5818915.872,3440429.188,5818910.926,3440429.914,5818918.702,3440433.31,5818913.756,52.5171,14.12205,52.51705,14.1221,52.51712,14.12211,52.51708,14.12216,5.9,3.4,19.8,22.5,44,44.3,14.7,12.1,5.7,5.7,5.3,5.5,4.6,6.5,3.9742196064999996e-9,0.000265843415682151
116,12116,3440429.188,5818910.926,3440432.584,5818905.979,3440433.31,5818913.756,3440436.706,5818908.81,52.51705,14.1221,52.51701,14.12215,52.51708,14.12216,52.51703,14.12221,5.2,4,21.3,24.8,44.1,45.2,14.9,10.7,5.6,4.4,5.1,4.5,3.8,6.4,3.975055326999999e-9,0.000265871986661496
117,12117,3440432.584,5818905.979,3440435.98,5818901.033,3440436.706,5818908.81,3440440.102,5818903.863,52.51701,14.12215,52.51696,14.1222,52.51703,14.12221,52.51699,14.12226,6.2,4.1,23.5,19.3,43,48.5,13.1,11.1,5.5,7.5,3.9,4.5,4.8,5,3.975059981e-9,0.000265872246325963
118,12118,3440435.98,5818901.033,3440439.376,5818896.087,3440440.102,5818903.863,3440443.498,5818898.917,52.51696,14.1222,52.51692,14.12225,52.51699,14.12226,52.51695,14.12231,5.5,4.9,22.8,25.3,42.1,44.3,16.8,12.4,4,5.7,4.6,3,4.2,4.4,3.974173126999999e-9,0.00026584252889016
119,12119,3440439.376,5818896.087,3440442.773,5818891.14,3440443.498,5818898.917,3440446.895,5818893.971,52.51692,14.12225,52.51688,14.1223,52.51695,14.12231,52.5169,14.12237,6.2,4.3,21.8,20.8,45.3,47.3,13.1,12.1,6.2,6.8,3.2,2.9,4.2,5.8,3.975367068e-9,0.000265882908055612
120,12120,3440423.121,5818928.595,3440426.518,5818923.649,3440427.243,5818931.425,3440430.64,5818926.479,52.51721,14.12201,52.51717,14.12206,52.51724,14.12207,52.51719,14.12212,5.2,3.5,21.2,24.8,46.2,46.4,16.9,10.5,3.9,6.2,3.2,4.2,3.4,4.4,3.974952584e-9,0.000265872705240086
121,12121,3440426.518,5818923.649,3440429.914,5818918.702,3440430.64,5818926.479,3440434.036,5818921.532,52.51717,14.12206,52.51712,14.12211,52.51719,14.12212,52.51715,14.12217,5.2,4.4,20.2,15.8,38.2,50.8,22.6,12.5,6.4,6.1,1.6,5.2,5.8,5.2,3.9747952399999994e-9,0.000265862575133362
122,12122,3440429.914,5818918.702,3440433.31,5818913.756,3440434.036,5818921.532,3440437.432,5818916.586,52.51712,14.12211,52.51708,14.12216,52.51715,14.12217,52.5171,14.12222,6.1,3.7,23.3,22.9,40.7,40.9,14.2,13.2,8.3,8.5,2,4.9,5.4,5.9,3.974173126999999e-9,0.00026584252889016
123,12123,3440433.31,5818913.756,3440436.706,5818908.81,3440437.432,5818916.586,3440440.828,5818911.64,52.51708,14.12216,52.51703,14.12221,52.5171,14.12222,52.51706,14.12227,5.2,4.1,21.2,19.1,45.9,48.8,13.3,13.1,5,6.4,2.3,2.4,7.1,6.1,3.974173126999999e-9,0.00026584252889016
124,12124,3440436.706,5818908.81,3440440.102,5818903.863,3440440.828,5818911.64,3440444.224,5818906.693,52.51703,14.12221,52.51699,14.12226,52.51706,14.12227,52.51702,14.12232,5.5,3.1,21.6,23.8,44.1,41.9,10.8,13.4,8.5,9.8,2.4,2.2,7.1,5.8,3.9747952399999994e-9,0.000265862575133362
125,12125,3440440.102,5818903.863,3440443.498,5818898.917,3440444.224,5818906.693,3440447.62,5818901.747,52.51699,14.12226,52.51695,14.12231,52.51702,14.12232,52.51697,14.12237,5.4,3.7,22.7,19.9,46.7,49.4,11.3,12.8,5.5,6.8,3.1,3.2,5.3,3.8,3.9741640275e-9,0.000265842366220322
126,12126,3440443.498,5818898.917,3440446.895,5818893.971,3440447.62,5818901.747,3440451.016,5818896.801,52.51695,14.12231,52.5169,14.12237,52.51697,14.12237,52.51693,14.12243,6.4,4.2,23.4,15.6,44.2,53.8,14,13.2,4.2,5.9,3.4,3.3,4.4,4,3.9744314914999995e-9,0.000265850992288647
127,12127,3440427.243,5818931.425,3440430.64,5818926.479,3440431.365,5818934.255,3440434.761,5818929.309,52.51724,14.12207,52.51719,14.12212,52.51726,14.12213,52.51722,14.12218,4,4.6,19.9,25.6,46.4,42.5,16.4,11.2,5.7,7.1,3.4,5,4.2,4,3.9744618345e-9,0.000265852407434057
128,12128,3440430.64,5818926.479,3440434.036,5818921.532,3440434.761,5818929.309,3440438.158,5818924.362,52.51719,14.12212,52.51715,14.12217,52.51722,14.12218,52.51717,14.12223,3.8,4.2,19.4,18.1,48.1,52.4,11.6,12.3,7.5,5.4,3.6,2.1,6,5.5,3.9749337109999996e-9,0.000265870398767849
129,12129,3440434.036,5818921.532,3440437.432,5818916.586,3440438.158,5818924.362,3440441.554,5818919.416,52.51715,14.12217,52.5171,14.12222,52.51717,14.12223,52.51713,14.12228,6,3,21.2,22.7,44.1,45.9,13.6,13.3,7.5,5.8,2.7,4.7,4.9,4.6,3.974212769e-9,0.000265844463237466
130,12130,3440437.432,5818916.586,3440440.828,5818911.64,3440441.554,5818919.416,3440444.95,5818914.47,52.5171,14.12222,52.51706,14.12227,52.51713,14.12228,52.51709,14.12233,6.2,2.5,20.7,20.4,45.8,47.6,13.3,13.7,5.2,5.8,3.7,4.5,5.1,5.5,3.974203669e-9,0.000265844300557903
131,12131,3440440.828,5818911.64,3440444.224,5818906.693,3440444.95,5818914.47,3440448.346,5818909.523,52.51706,14.12227,52.51702,14.12232,52.51709,14.12233,52.51704,14.12238,6.5,4,22.1,22.9,45,43.7,12.4,13.6,6.6,5,2.5,5.9,4.9,4.9,3.974748764e-9,0.000265861688447118
132,12132,3440444.224,5818906.693,3440447.62,5818901.747,3440448.346,5818909.523,3440451.742,5818904.577,52.51702,14.12232,52.51697,14.12237,52.51704,14.12238,52.517,14.12243,6,3.8,22.8,24.5,44.6,47.6,12,12,8.4,4.6,0.8,3.3,5.4,4.2,3.974177777999999e-9,0.000265842788488825
133,12133,3440447.62,5818901.747,3440451.016,5818896.801,3440451.742,5818904.577,3440455.138,5818899.631,52.51697,14.12237,52.51693,14.12243,52.517,14.12243,52.51695,14.12249,7.2,6.2,23.3,26.4,44.2,48,12.8,10.1,5.6,4.1,2.6,1.7,4.3,3.5,3.9741427869999995e-9,0.000265841113748924
134,12134,3440431.365,5818934.255,3440434.761,5818929.309,3440435.487,5818937.085,3440438.883,5818932.139,52.51726,14.12213,52.51722,14.12218,52.51729,14.12219,52.51724,14.12224,5.4,4,24.1,24.2,42.3,42.3,15,16.3,5.5,6.1,2.8,2.8,4.9,4.3,3.9742545979999995e-9,0.000265845090422878
135,12135,3440434.761,5818929.309,3440438.158,5818924.362,3440438.883,5818932.139,3440442.28,5818927.193,52.51722,14.12218,52.51717,14.12223,52.51724,14.12224,52.5172,14.12229,4.8,3.9,25.6,25.1,42.8,45.7,13.8,10.7,5.6,6,3,4.3,4.4,4.3,3.975402065e-9,0.000265884582817345
136,12136,3440438.158,5818924.362,3440441.554,5818919.416,3440442.28,5818927.193,3440445.676,5818922.246,52.51717,14.12223,52.51713,14.12228,52.5172,14.12229,52.51716,14.12234,5,3.6,22,24.4,43.2,45.5,17.2,11.9,5.4,6.3,3.1,3.2,4.1,5.1,3.975050879e-9,0.000265872083615255
137,12137,3440441.554,5818919.416,3440444.95,5818914.47,3440445.676,5818922.246,3440449.072,5818917.3,52.51713,14.12228,52.51709,14.12233,52.51716,14.12234,52.51711,14.12239,5.5,4.1,23.3,24.2,44.5,46.4,11.6,11.8,8.3,5,1.6,3.6,5.2,4.9,3.974173126999999e-9,0.00026584252889016
138,12138,3440444.95,5818914.47,3440448.346,5818909.523,3440449.072,5818917.3,3440452.468,5818912.354,52.51709,14.12233,52.51704,14.12238,52.51711,14.12239,52.51707,14.12244,4.8,5.7,22.1,21.9,47.2,49.6,12.9,10.7,5,5.5,3.5,2.2,4.5,4.4,3.975055326999999e-9,0.000265871986661496
139,12139,3440448.346,5818909.523,3440451.742,5818904.577,3440452.468,5818912.354,3440455.864,5818907.407,52.51704,14.12238,52.517,14.12243,52.51707,14.12244,52.51702,14.12249,6,5.8,24.5,30.2,42.1,45.3,15.4,7.8,5.9,4.1,1.2,2.8,4.9,4,3.975055326999999e-9,0.000265871986661496
140,12140,3440451.742,5818904.577,3440455.138,5818899.631,3440455.864,5818907.407,3440459.26,5818902.461,52.517,14.12243,52.51695,14.12249,52.51702,14.12249,52.51698,14.12255,5.6,5.2,26.4,23.6,43.9,49,12.3,10.5,4.4,6.9,3.8,1.6,3.6,3.2,3.974228706e-9,0.0002658435783538
141,12141,3440435.487,5818937.085,3440438.883,5818932.139,3440439.609,5818939.915,3440443.005,5818934.969,52.51729,14.12219,52.51724,14.12224,52.51731,14.12225,52.51727,14.1223,4.8,4.1,24.3,27.4,44.5,44.3,13.9,13.1,4.6,4.7,3.1,2.5,4.8,3.9,3.974208117999999e-9,0.000265844203640612
142,12142,3440438.883,5818932.139,3440442.28,5818927.193,3440443.005,5818934.969,3440446.401,5818930.023,52.51724,14.12224,52.5172,14.12229,52.51727,14.1223,52.51723,14.12235,4.3,3.6,23.8,23.5,46.5,46.7,11.3,12.4,5.7,5.7,2.7,3.9,5.7,4.2,3.9744314914999995e-9,0.000265850992288647
143,12143,3440442.28,5818927.193,3440445.676,5818922.246,3440446.401,5818930.023,3440449.798,5818925.076,52.5172,14.12229,52.51716,14.12234,52.51723,14.12235,52.51718,14.1224,5.5,5,24.1,26.4,44.3,47.8,11.3,8.5,6.8,4.1,2.6,2.4,5.4,5.8,3.9749290675e-9,0.000265870139231031
144,12144,3440445.676,5818922.246,3440449.072,5818917.3,3440449.798,5818925.076,3440453.194,5818920.13,52.51716,14.12234,52.51711,14.12239,52.51718,14.1224,52.51714,14.12245,6.5,5.2,23.7,29.7,45.5,43.1,10.5,11.2,6.3,5,2.1,1.3,5.4,4.5,3.974212769e-9,0.000265844463237466
145,12145,3440449.072,5818917.3,3440452.468,5818912.354,3440453.194,5818920.13,3440456.59,5818915.184,52.51711,14.12239,52.51707,14.12244,52.51714,14.12245,52.51709,14.1225,6.1,5.8,22.9,29.4,43.6,45.1,13.7,10.3,5.2,4,4.3,1.8,4.2,3.6,3.974177777999999e-9,0.000265842788488825
146,12146,3440452.468,5818912.354,3440455.864,5818907.407,3440456.59,5818915.184,3440459.986,5818910.237,52.51707,14.12244,52.51702,14.12249,52.51709,14.1225,52.51705,14.12256,8.1,5.1,24.8,23.2,41.2,46.3,14.2,15.1,4.3,4,3,2.2,4.4,4.1,3.9747534165e-9,0.000265861948186617
147,12147,3440455.864,5818907.407,3440459.26,5818902.461,3440459.986,5818910.237,3440463.382,5818905.291,52.51702,14.12249,52.51698,14.12255,52.51705,14.12256,52.51701,14.12261,4.8,4.9,27,22.7,51.2,51.8,5.4,9.3,4.6,4.8,2.7,3.6,4.3,2.9,3.974186878e-9,0.000265842951174748
148,12148,3440439.609,5818939.915,3440443.005,5818934.969,3440443.731,5818942.745,3440447.127,5818937.799,52.51731,14.12225,52.51727,14.1223,52.51734,14.12231,52.5173,14.12236,5.6,4.4,23.2,26.2,44.3,45.9,13.6,9.8,4.2,7.7,4.1,1.9,5,4.1,3.974177777999999e-9,0.000265842788488825
149,12149,3440443.005,5818934.969,3440446.401,5818930.023,3440447.127,5818937.799,3440450.523,5818932.853,52.51727,14.1223,52.51723,14.12235,52.5173,14.12236,52.51725,14.12241,6.2,4.8,22.6,24.9,43.4,43.7,17,12.8,2.6,6.3,2,3.7,6.2,3.8,3.974177777999999e-9,0.000265842788488825
150,12150,3440446.401,5818930.023,3440449.798,5818925.076,3440450.523,5818932.853,3440453.92,5818927.907,52.51723,14.12235,52.51718,14.1224,52.51725,14.12241,52.51721,14.12246,6.2,4.6,22.4,28.9,44.4,44.7,13.6,10.4,6.5,4.1,2.1,3,4.8,4.3,3.9753463475e-9,0.000265885797028314
151,12151,3440449.798,5818925.076,3440453.194,5818920.13,3440453.92,5818927.907,3440457.316,5818922.96,52.51718,14.1224,52.51714,14.12245,52.51721,14.12246,52.51716,14.12251,5.6,5.6,24.9,24.4,44.5,44.1,13.2,12.2,4.2,5.6,2.1,2.9,5.5,5.2,3.975004396e-9,0.000265871196870382
152,12152,3440453.194,5818920.13,3440456.59,5818915.184,3440457.316,5818922.96,3440460.712,5818918.014,52.51714,14.12245,52.51709,14.1225,52.51716,14.12251,52.51712,14.12256,7.1,7.7,25.9,26.1,45.1,43.2,11,10.1,4.1,5.8,1.8,3.2,5,3.9,3.974173126999999e-9,0.00026584252889016
153,12153,3440456.59,5818915.184,3440459.986,5818910.237,3440460.712,5818918.014,3440464.108,5818913.068,52.51709,14.1225,52.51705,14.12256,52.51712,14.12256,52.51708,14.12262,5.5,4.6,25.7,24,44.8,50.3,12.4,10.2,4.9,4.5,3.1,1.8,3.6,4.6,3.975064634999999e-9,0.000265872505990429
154,12154,3440459.986,5818910.237,3440463.382,5818905.291,3440464.108,5818913.068,3440467.504,5818908.121,52.51705,14.12256,52.51701,14.12261,52.51708,14.12262,52.51703,14.12267,6.2,4.4,24.5,25.6,45,51.3,13.8,9.9,4,3.8,2.6,1.9,3.9,3.1,3.975024986499999e-9,0.000265870571595182
155,12155,3440443.731,5818942.745,3440447.127,5818937.799,3440447.853,5818945.576,3440451.249,5818940.629,52.51734,14.12231,52.5173,14.12236,52.51737,14.12237,52.51732,14.12242,4.3,4.4,21.6,25.4,43.6,46.8,15.9,9.6,7.2,6.6,2.4,2.4,5,4.8,3.9750903215e-9,0.000265873661402827
156,12156,3440447.127,5818937.799,3440450.523,5818932.853,3440451.249,5818940.629,3440454.645,5818935.683,52.5173,14.12236,52.51725,14.12241,52.51732,14.12242,52.51728,14.12247,6.4,4.8,23.2,20.8,44.9,44.6,12.3,13.8,6.3,7.2,1.5,3,5.4,5.8,3.9742636975e-9,0.000265845253096906
157,12157,3440450.523,5818932.853,3440453.92,5818927.907,3440454.645,5818935.683,3440458.042,5818930.737,52.51725,14.12241,52.51721,14.12246,52.51728,14.12247,52.51723,14.12252,6.7,5.8,25.5,24.9,41.3,45.8,14.1,11.4,4.3,4.4,3.9,2.1,4.2,5.6,3.974996679e-9,0.000265874542584384
158,12158,3440453.92,5818927.907,3440457.316,5818922.96,3440458.042,5818930.737,3440461.438,5818925.79,52.51721,14.12246,52.51716,14.12251,52.51723,14.12252,52.51719,14.12257,7.4,5.3,25.2,19.6,44.2,53.4,10,10.4,5.6,4.5,1.8,3.7,5.8,3.1,3.974804346e-9,0.000265862737898792
159,12159,3440457.316,5818922.96,3440460.712,5818918.014,3440461.438,5818925.79,3440464.834,5818920.844,52.51716,14.12251,52.51712,14.12256,52.51719,14.12257,52.51715,14.12262,6.5,4.9,21.7,33.2,46.2,43.3,14.5,10,5.2,4.1,3.2,1.2,2.7,3.3,3.974177777999999e-9,0.000265842788488825
160,12160,3440460.712,5818918.014,3440464.108,5818913.068,3440464.834,5818920.844,3440468.23,5818915.898,52.51712,14.12256,52.51708,14.12262,52.51715,14.12262,52.5171,14.12268,5,5.3,25.6,25.5,43.8,43.8,13.1,12.3,4.8,4.2,2.5,5,5.2,3.9,3.974177777999999e-9,0.000265842788488825
161,12161,3440464.108,5818913.068,3440467.504,5818908.121,3440468.23,5818915.898,3440471.626,5818910.951,52.51708,14.12262,52.51703,14.12267,52.5171,14.12268,52.51706,14.12273,5,4.1,24.7,28.4,46.3,49.3,13.9,9.4,4.8,4.4,0.5,1.1,4.8,3.3,3.974748764e-9,0.000265861688445305
162,12162,3440447.853,5818945.576,3440451.249,5818940.629,3440451.975,5818948.406,3440455.371,5818943.459,52.51737,14.12237,52.51732,14.12242,52.51739,14.12243,52.51735,14.12248,5.3,4.9,21.8,26.9,43.6,42.4,15.6,10.2,6,7,2.1,4.3,5.6,4.3,3.9747837575e-9,0.000265863363167655
163,12163,3440451.249,5818940.629,3440454.645,5818935.683,3440455.371,5818943.459,3440458.767,5818938.513,52.51732,14.12242,52.51728,14.12247,52.51735,14.12248,52.5173,14.12253,6.1,4.6,22.7,25,44.1,44.8,12.4,10.9,5.8,5.9,2.4,4.2,6.5,4.6,3.974212769e-9,0.000265844463237466
164,12164,3440454.645,5818935.683,3440458.042,5818930.737,3440458.767,5818938.513,3440462.163,5818933.567,52.51728,14.12247,52.51723,14.12252,52.5173,14.12253,52.51726,14.12258,6.4,5.3,24,26.4,42.8,44.6,14.3,9.4,3.9,7,4.8,2.1,3.8,5.2,3.974480235e-9,0.000265853089318933
165,12165,3440458.042,5818930.737,3440461.438,5818925.79,3440462.163,5818933.567,3440465.56,5818928.62,52.51723,14.12252,52.51719,14.12257,52.51726,14.12258,52.51722,14.12263,7.5,6.1,23.5,30.9,45.3,43.4,11.8,8.9,4.4,4.7,2.4,2.6,5.1,3.4,3.974942814e-9,0.000265870561405872
166,12166,3440461.438,5818925.79,3440464.834,5818920.844,3440465.56,5818928.62,3440468.956,5818923.674,52.51719,14.12257,52.51715,14.12262,52.51722,14.12263,52.51717,14.12268,5.7,4.2,22.2,28.3,46.4,48.3,13.7,8.7,4.4,3.6,3.5,2.7,4.1,4.2,3.974221869e-9,0.000265844625917029
167,12167,3440464.834,5818920.844,3440468.23,5818915.898,3440468.956,5818923.674,3440472.352,5818918.728,52.51715,14.12262,52.5171,14.12268,52.51717,14.12268,52.51713,14.12274,6.1,4.7,27,29.5,46.5,44.5,10.2,9.9,3.5,4.2,1.8,3.9,4.9,3.3,3.974228706e-9,0.0002658435783538
168,12168,3440468.23,5818915.898,3440471.626,5818910.951,3440472.352,5818918.728,3440475.748,5818913.781,52.5171,14.12268,52.51706,14.12273,52.51713,14.12274,52.51708,14.12279,5.3,6.2,25.6,26.6,49.2,48.7,10.4,9.2,4.7,3.8,0.2,1.9,4.6,3.6,3.9748393399999994e-9,0.000265864412613796
